{
  "Demographics" : {
    "transaction" : "Demographics",
    "sampleCount" : 1000,
    "errorCount" : 43,
    "errorPct" : 4.3,
    "meanResTime" : 1969.9969999999985,
    "medianResTime" : 1298.0,
    "minResTime" : 499.0,
    "maxResTime" : 21109.0,
    "pct1ResTime" : 3479.2,
    "pct2ResTime" : 4946.599999999999,
    "pct3ResTime" : 8523.710000000005,
    "throughput" : 45.93055300385817,
    "receivedKBytesPerSec" : 341.11361317001194,
    "sentKBytesPerSec" : 6.394887570618225
  },
  "Health Finance" : {
    "transaction" : "Health Finance",
    "sampleCount" : 1000,
    "errorCount" : 5,
    "errorPct" : 0.5,
    "meanResTime" : 1541.8980000000008,
    "medianResTime" : 1405.0,
    "minResTime" : 204.0,
    "maxResTime" : 6301.0,
    "pct1ResTime" : 1732.9,
    "pct2ResTime" : 2767.2499999999977,
    "pct3ResTime" : 5665.88,
    "throughput" : 47.67807761991037,
    "receivedKBytesPerSec" : 354.7919447887861,
    "sentKBytesPerSec" : 6.844411533326976
  },
  "Total" : {
    "transaction" : "Total",
    "sampleCount" : 4000,
    "errorCount" : 60,
    "errorPct" : 1.5,
    "meanResTime" : 1602.3654999999992,
    "medianResTime" : 1378.0,
    "minResTime" : 197.0,
    "maxResTime" : 21109.0,
    "pct1ResTime" : 2557.7000000000003,
    "pct2ResTime" : 3661.0,
    "pct3ResTime" : 7034.939999999999,
    "throughput" : 176.34351717145,
    "receivedKBytesPerSec" : 1311.596540842812,
    "sentKBytesPerSec" : 25.253416311224264
  },
  "Health Facility" : {
    "transaction" : "Health Facility",
    "sampleCount" : 1000,
    "errorCount" : 12,
    "errorPct" : 1.2,
    "meanResTime" : 1639.0999999999992,
    "medianResTime" : 1427.0,
    "minResTime" : 212.0,
    "maxResTime" : 7569.0,
    "pct1ResTime" : 2802.9,
    "pct2ResTime" : 4127.149999999999,
    "pct3ResTime" : 6117.96,
    "throughput" : 46.28558204119417,
    "receivedKBytesPerSec" : 344.42981948623003,
    "sentKBytesPerSec" : 6.599311501967137
  },
  "Disease Surveillance" : {
    "transaction" : "Disease Surveillance",
    "sampleCount" : 1000,
    "errorCount" : 0,
    "errorPct" : 0.0,
    "meanResTime" : 1258.4669999999999,
    "medianResTime" : 1336.0,
    "minResTime" : 197.0,
    "maxResTime" : 5491.0,
    "pct1ResTime" : 1462.9,
    "pct2ResTime" : 1584.9499999999998,
    "pct3ResTime" : 4634.650000000001,
    "throughput" : 49.89273062914734,
    "receivedKBytesPerSec" : 371.2720775333034,
    "sentKBytesPerSec" : 7.357228833009031
  }
}